<?xml version="1.0" encoding="UTF-8"?>
<project-private xmlns="http://www.netbeans.org/ns/project-private/1">
    <editor-bookmarks xmlns="http://www.netbeans.org/ns/editor-bookmarks/2" lastBookmarkId="0"/>
    <open-files xmlns="http://www.netbeans.org/ns/projectui-open-files/2">
        <group>
            <file>file:/var/www/html/dlcc/css/dashboard.css</file>
            <file>file:/var/www/html/dlcc/css/clients.css</file>
            <file>file:/var/www/html/dlcc/js/common_dashboard.js</file>
            <file>file:/var/www/html/dlcc/dashboard.html</file>
            <file>file:/var/www/html/dlcc/clients-client.html</file>
            <file>file:/var/www/html/dlcc/css/mystyle-coman.css</file>
            <file>file:/var/www/html/dlcc/js/common_client.js</file>
        </group>
    </open-files>
</project-private>
